Dataset Range,Collinearity,Number of Structural Factors,Error Variance,Number of Datasets,Mean Accuracy,Mean F1 Score,Mean PPV,Mean TPR,Mean TNR,Mean FPR,Mean FNR,Underspecified Models Selected,Correctly Specified Models Selected,Overspecified Models Selected,Under +  Correct + Over
0-3-1-1 to 0-3-1-500,0,3,1,500,0.996,0.984,0.973,1,0.995,0.005,0,0,458,42,500
0-3-2-1 to 0-3-2-500,0,3,2,500,0.996,0.984,0.973,1,0.995,0.005,0,0,457,43,500
0-3-3-1 to 0-3-3-500,0,3,3,500,0.993,0.978,0.965,1,0.993,0.007,0,0,449,51,500
0-3-4-1 to 0-3-4-500,0,3,4,500,0.996,0.984,0.974,1,0.996,0.004,0,0,454,46,500
0-3-5-1 to 0-3-5-500,0,3,5,500,0.996,0.983,0.971,1,0.995,0.005,0,0,450,50,500
0-3-6-1 to 0-3-6-500,0,3,6,500,0.996,0.984,0.973,1,0.996,0.004,0,0,453,47,500
0-3-7-1 to 0-3-7-500,0,3,7,500,0.997,0.986,0.976,1,0.996,0.004,0,0,457,43,500
0-3-8-1 to 0-3-8-500,0,3,8,500,0.995,0.982,0.97,1,0.995,0.005,0,0,449,51,500
0-3-9-1 to 0-3-9-500,0,3,9,500,0.995,0.98,0.968,1,0.994,0.006,0,0,449,51,500
0-3-10-1 to 0-3-10-500,0,3,10,500,0.996,0.985,0.975,1,0.996,0.004,0,0,456,44,500
0-4-1-1 to 0-4-1-500,0,4,1,500,0.99,0.97,0.95,1,0.988,0.012,0,0,403,97,500
0-4-2-1 to 0-4-2-500,0,4,2,500,0.992,0.975,0.958,1,0.99,0.01,0,0,425,75,500
0-4-3-1 to 0-4-3-500,0,4,3,500,0.991,0.975,0.957,1,0.99,0.01,0,0,416,84,500
0-4-4-1 to 0-4-4-500,0,4,4,500,0.99,0.972,0.953,1,0.989,0.011,0,0,408,92,500
0-4-5-1 to 0-4-5-500,0,4,5,500,0.993,0.978,0.962,1,0.992,0.008,0,0,420,80,500
0-4-6-1 to 0-4-6-500,0,4,6,500,0.993,0.979,0.963,1,0.992,0.008,0,0,423,77,500
0-4-7-1 to 0-4-7-500,0,4,7,500,0.992,0.976,0.958,1,0.991,0.009,0,0,407,93,500
0-4-8-1 to 0-4-8-500,0,4,8,500,0.992,0.976,0.958,1,0.991,0.009,0,0,415,85,500
0-4-9-1 to 0-4-9-500,0,4,9,500,0.993,0.977,0.96,1,0.991,0.009,0,0,415,85,500
0-4-10-1 to 0-4-10-500,0,4,10,500,0.992,0.977,0.961,1,0.991,0.009,0,0,422,78,500
0-5-1-1 to 0-5-1-500,0,5,1,500,0.987,0.968,0.944,1,0.985,0.015,0,0,369,131,500
0-5-2-1 to 0-5-2-500,0,5,2,500,0.987,0.968,0.945,1,0.985,0.015,0,0,377,123,500
0-5-3-1 to 0-5-3-500,0,5,3,500,0.986,0.965,0.939,1,0.983,0.017,0,0,358,142,500
0-5-4-1 to 0-5-4-500,0,5,4,500,0.986,0.966,0.941,1,0.984,0.016,0,0,365,135,500
0-5-5-1 to 0-5-5-500,0,5,5,500,0.986,0.965,0.94,1,0.983,0.017,0,0,364,136,500
0-5-6-1 to 0-5-6-500,0,5,6,500,0.985,0.962,0.935,1,0.982,0.018,0,0,355,145,500
0-5-7-1 to 0-5-7-500,0,5,7,500,0.986,0.966,0.94,1,0.983,0.017,0,0,363,137,500
0-5-8-1 to 0-5-8-500,0,5,8,500,0.987,0.966,0.94,1,0.984,0.016,0,0,358,142,500
0-5-9-1 to 0-5-9-500,0,5,9,500,0.986,0.965,0.939,1,0.983,0.017,0,0,359,141,500
0-5-10-1 to 0-5-10-500,0,5,10,500,0.987,0.968,0.944,1,0.985,0.015,0,0,374,126,500
0-6-1-1 to 0-6-1-500,0,6,1,500,0.979,0.955,0.922,1,0.974,0.026,0,0,311,189,500
0-6-2-1 to 0-6-2-500,0,6,2,500,0.981,0.959,0.927,1,0.976,0.024,0,0,310,190,500
0-6-3-1 to 0-6-3-500,0,6,3,500,0.979,0.957,0.924,1,0.974,0.026,0,0,314,186,500
0-6-4-1 to 0-6-4-500,0,6,4,500,0.979,0.955,0.92,1,0.973,0.027,0,0,292,208,500
0-6-5-1 to 0-6-5-500,0,6,5,500,0.977,0.953,0.918,1,0.972,0.028,0,0,310,190,500
0-6-6-1 to 0-6-6-500,0,6,6,500,0.98,0.958,0.927,1,0.975,0.025,0,0,325,175,500
0-6-7-1 to 0-6-7-500,0,6,7,500,0.98,0.957,0.925,1,0.974,0.026,0,0,312,188,500
0-6-8-1 to 0-6-8-500,0,6,8,500,0.978,0.952,0.916,1,0.972,0.028,0,0,294,206,500
0-6-9-1 to 0-6-9-500,0,6,9,500,0.979,0.955,0.921,1,0.974,0.026,0,0,308,192,500
0-6-10-1 to 0-6-10-500,0,6,10,500,0.979,0.957,0.924,1,0.974,0.026,0,0,314,186,500
0-7-1-1 to 0-7-1-500,0,7,1,500,0.973,0.949,0.911,1,0.964,0.036,0,0,262,238,500
0-7-2-1 to 0-7-2-500,0,7,2,500,0.973,0.95,0.911,1,0.965,0.035,0,0,258,242,500
0-7-3-1 to 0-7-3-500,0,7,3,500,0.97,0.946,0.905,1,0.961,0.039,0,0,250,250,500
0-7-4-1 to 0-7-4-500,0,7,4,500,0.971,0.947,0.906,1,0.962,0.038,0,0,260,240,500
0-7-5-1 to 0-7-5-500,0,7,5,500,0.971,0.947,0.907,1,0.962,0.038,0,0,268,232,500
0-7-6-1 to 0-7-6-500,0,7,6,500,0.971,0.948,0.909,1,0.963,0.037,0,0,273,227,500
0-7-7-1 to 0-7-7-500,0,7,7,500,0.971,0.947,0.907,1,0.963,0.037,0,0,249,251,500
0-7-8-1 to 0-7-8-500,0,7,8,500,0.972,0.949,0.91,1,0.964,0.036,0,0,263,237,500
0-7-9-1 to 0-7-9-500,0,7,9,500,0.972,0.948,0.908,1,0.963,0.037,0,0,245,255,500
0-7-10-1 to 0-7-10-500,0,7,10,500,0.971,0.947,0.907,1,0.962,0.038,0,0,257,243,500
0-8-1-1 to 0-8-1-500,0,8,1,500,0.966,0.944,0.901,1,0.953,0.047,0,0,224,276,500
0-8-2-1 to 0-8-2-500,0,8,2,500,0.964,0.942,0.896,1,0.951,0.049,0,0,210,290,500
0-8-3-1 to 0-8-3-500,0,8,3,500,0.967,0.946,0.903,1,0.954,0.046,0,0,217,283,500
0-8-4-1 to 0-8-4-500,0,8,4,500,0.966,0.944,0.901,1,0.953,0.047,0,0,218,282,500
0-8-5-1 to 0-8-5-500,0,8,5,500,0.964,0.941,0.895,1,0.951,0.049,0,0,203,297,500
0-8-6-1 to 0-8-6-500,0,8,6,500,0.964,0.941,0.896,1,0.951,0.049,0,0,209,291,500
0-8-7-1 to 0-8-7-500,0,8,7,500,0.964,0.942,0.897,1,0.951,0.049,0,0,219,281,500
0-8-8-1 to 0-8-8-500,0,8,8,500,0.964,0.942,0.898,1,0.951,0.049,0,0,223,277,500
0-8-9-1 to 0-8-9-500,0,8,9,500,0.967,0.948,0.908,1,0.955,0.045,0,0,249,251,500
0-8-10-1 to 0-8-10-500,0,8,10,500,0.969,0.95,0.911,1,0.958,0.042,0,0,239,261,500
0-9-1-1 to 0-9-1-500,0,9,1,500,0.961,0.944,0.9,1,0.945,0.055,0,0,211,289,500
0-9-2-1 to 0-9-2-500,0,9,2,500,0.987,0.968,0.945,1,0.985,0.015,0,0,377,123,500
0-9-3-1 to 0-9-3-500,0,9,3,500,0.986,0.965,0.939,1,0.983,0.017,0,0,358,142,500
0-9-4-1 to 0-9-4-500,0,9,4,500,0.986,0.966,0.941,1,0.984,0.016,0,0,365,135,500
0-9-5-1 to 0-9-5-500,0,9,5,500,0.986,0.965,0.94,1,0.983,0.017,0,0,364,136,500
0-9-6-1 to 0-9-6-500,0,9,6,500,0.985,0.962,0.935,1,0.982,0.018,0,0,355,145,500
0-9-7-1 to 0-9-7-500,0,9,7,500,0.986,0.966,0.94,1,0.983,0.017,0,0,363,137,500
0-9-8-1 to 0-9-8-500,0,9,8,500,0.987,0.966,0.94,1,0.984,0.016,0,0,358,142,500
0-9-9-1 to 0-9-9-500,0,9,9,500,0.986,0.965,0.939,1,0.983,0.017,0,0,359,141,500
0-9-10-1 to 0-9-10-500,0,9,10,500,0.987,0.968,0.944,1,0.985,0.015,0,0,374,126,500
0-10-1-1 to 0-10-1-500,0,10,1,500,0.952,0.937,0.887,1,0.928,0.072,0,0,152,348,500
0-10-2-1 to 0-10-2-500,0,10,2,500,0.987,0.968,0.945,1,0.985,0.015,0,0,377,123,500
0-10-3-1 to 0-10-3-500,0,10,3,500,0.986,0.965,0.939,1,0.983,0.017,0,0,358,142,500
0-10-4-1 to 0-10-4-500,0,10,4,500,0.986,0.966,0.941,1,0.984,0.016,0,0,365,135,500
0-10-5-1 to 0-10-5-500,0,10,5,500,0.986,0.965,0.94,1,0.983,0.017,0,0,364,136,500
0-10-6-1 to 0-10-6-500,0,10,6,500,0.985,0.962,0.935,1,0.982,0.018,0,0,355,145,500
0-10-7-1 to 0-10-7-500,0,10,7,500,0.986,0.966,0.94,1,0.983,0.017,0,0,363,137,500
0-10-8-1 to 0-10-8-500,0,10,8,500,0.987,0.966,0.94,1,0.984,0.016,0,0,358,142,500
0-10-9-1 to 0-10-9-500,0,10,9,500,0.986,0.965,0.939,1,0.983,0.017,0,0,359,141,500
0-10-10-1 to 0-10-10-500,0,10,10,500,0.987,0.968,0.944,1,0.985,0.015,0,0,374,126,500
0-11-1-1 to 0-11-1-500,0,11,1,500,0.944,0.933,0.88,1,0.912,0.088,0,0,130,370,500
0-11-2-1 to 0-11-2-500,0,11,2,500,0.946,0.934,0.882,1,0.914,0.086,0,0,126,374,500
0-11-3-1 to 0-11-3-500,0,11,3,500,0.944,0.933,0.879,1,0.912,0.088,0,0,120,380,500
0-11-4-1 to 0-11-4-500,0,11,4,500,0.943,0.931,0.877,1,0.909,0.091,0,0,126,374,500
0-11-5-1 to 0-11-5-500,0,11,5,500,0.947,0.936,0.884,1,0.916,0.084,0,0,130,370,500
0-11-6-1 to 0-11-6-500,0,11,6,500,0.944,0.934,0.882,1,0.912,0.088,0,0,146,354,500
0-11-7-1 to 0-11-7-500,0,11,7,500,0.943,0.933,0.88,1,0.91,0.09,0,0,143,357,500
0-11-8-1 to 0-11-8-500,0,11,8,500,0.943,0.932,0.877,1,0.91,0.09,0,0,114,386,500
0-11-9-1 to 0-11-9-500,0,11,9,500,0.943,0.932,0.878,1,0.91,0.09,0,0,130,370,500
0-11-10-1 to 0-11-10-500,0,11,10,500,0.946,0.935,0.883,1,0.915,0.085,0,0,120,380,500
0-12-1-1 to 0-12-1-500,0,12,1,500,0.942,0.936,0.884,1,0.904,0.096,0,0,113,387,500
0-12-2-1 to 0-12-2-500,0,12,2,500,0.941,0.934,0.882,1,0.901,0.099,0,0,112,388,500
0-12-3-1 to 0-12-3-500,0,12,3,500,0.936,0.93,0.874,1,0.893,0.107,0,0,106,394,500
0-12-4-1 to 0-12-4-500,0,12,4,500,0.942,0.936,0.883,1,0.903,0.097,0,0,112,388,500
0-12-5-1 to 0-12-5-500,0,12,5,500,0.942,0.936,0.884,1,0.903,0.097,0,0,120,380,500
0-12-6-1 to 0-12-6-500,0,12,6,500,0.937,0.93,0.875,1,0.894,0.106,0,0,107,393,500
0-12-7-1 to 0-12-7-500,0,12,7,500,0.937,0.931,0.876,1,0.896,0.104,0,0,104,396,500
0-12-8-1 to 0-12-8-500,0,12,8,500,0.942,0.936,0.884,1,0.903,0.097,0,0,122,378,500
0-12-9-1 to 0-12-9-500,0,12,9,500,0.938,0.932,0.878,1,0.897,0.103,0,0,126,374,500
0-12-10-1 to 0-12-10-500,0,12,10,500,0.94,0.934,0.881,1,0.9,0.1,0,0,111,389,500
0-13-1-1 to 0-13-1-500,0,13,1,500,0.93,0.929,0.871,1,0.877,0.123,0,0,78,422,500
0-13-2-1 to 0-13-2-500,0,13,2,500,0.934,0.932,0.877,1,0.883,0.117,0,0,92,408,500
0-13-3-1 to 0-13-3-500,0,13,3,500,0.937,0.935,0.883,1,0.889,0.111,0,0,106,394,500
0-13-4-1 to 0-13-4-500,0,13,4,500,0.935,0.933,0.879,1,0.885,0.115,0,0,96,404,500
0-13-5-1 to 0-13-5-500,0,13,5,500,0.933,0.931,0.876,1,0.882,0.118,0,0,92,408,500
0-13-6-1 to 0-13-6-500,0,13,6,500,0.933,0.932,0.877,1,0.882,0.118,0,0,89,411,500
0-13-7-1 to 0-13-7-500,0,13,7,500,0.936,0.934,0.881,1,0.887,0.113,0,0,102,398,500
0-13-8-1 to 0-13-8-500,0,13,8,500,0.928,0.927,0.869,1,0.873,0.127,0,0,90,410,500
0-13-9-1 to 0-13-9-500,0,13,9,500,0.939,0.937,0.887,1,0.892,0.108,0,0,111,389,500
0-13-10-1 to 0-13-10-500,0,13,10,500,0.94,0.938,0.886,1,0.894,0.106,0,0,97,403,500
0-14-1-1 to 0-14-1-500,0,14,1,500,0.932,0.935,0.882,1,0.873,0.127,0,0,91,409,500
0-14-2-1 to 0-14-2-500,0,14,2,500,0.934,0.937,0.885,1,0.877,0.123,0,0,95,405,500
0-14-3-1 to 0-14-3-500,0,14,3,500,0.932,0.935,0.882,1,0.873,0.127,0,0,94,406,500
0-14-4-1 to 0-14-4-500,0,14,4,500,0.928,0.931,0.876,1,0.865,0.135,0,0,85,415,500
0-14-5-1 to 0-14-5-500,0,14,5,500,0.929,0.932,0.877,1,0.867,0.133,0,0,91,409,500
0-14-6-1 to 0-14-6-500,0,14,6,500,0.927,0.93,0.874,1,0.864,0.136,0,0,73,427,500
0-14-7-1 to 0-14-7-500,0,14,7,500,0.931,0.934,0.881,1,0.87,0.13,0,0,98,402,500
0-14-8-1 to 0-14-8-500,0,14,8,500,0.928,0.932,0.877,1,0.866,0.134,0,0,89,411,500
0-14-9-1 to 0-14-9-500,0,14,9,500,0.93,0.933,0.878,1,0.869,0.131,0,0,86,414,500
0-14-10-1 to 0-14-10-500,0,14,10,500,0.933,0.935,0.882,1,0.874,0.126,0,0,91,409,500
0-15-1-1 to 0-15-1-500,0,15,1,500,0.928,0.935,0.882,1,0.857,0.143,0,0,71,429,500
0-15-2-1 to 0-15-2-500,0,15,2,500,0.927,0.934,0.881,1,0.854,0.146,0,0,85,415,500
0-15-3-1 to 0-15-3-500,0,15,3,500,0.929,0.936,0.883,1,0.857,0.143,0,0,77,423,500
0-15-4-1 to 0-15-4-500,0,15,4,500,0.931,0.937,0.886,1,0.861,0.139,0,0,85,415,500
0-15-5-1 to 0-15-5-500,0,15,5,500,0.926,0.934,0.881,1,0.853,0.147,0,0,88,412,500
0-15-6-1 to 0-15-6-500,0,15,6,500,0.925,0.933,0.877,1,0.851,0.149,0,0,67,433,500
0-15-7-1 to 0-15-7-500,0,15,7,500,0.932,0.939,0.888,1,0.864,0.136,0,0,88,412,500
0-15-8-1 to 0-15-8-500,0,15,8,500,0.928,0.935,0.882,1,0.856,0.144,0,0,86,414,500
0-15-9-1 to 0-15-9-500,0,15,9,500,0.926,0.934,0.879,1,0.852,0.148,0,0,79,421,500
0-15-10-1 to 0-15-10-500,0,15,10,500,0.92,0.929,0.871,1,0.84,0.16,0,0,68,432,500
0.25-3-1-1 to 0.25-3-1-500,0.25,3,1,500,0.962,0.847,0.742,1,0.958,0.042,0,0,42,458,500
0.25-3-2-1 to 0.25-3-2-500,0.25,3,2,500,0.961,0.844,0.737,1,0.957,0.043,0,0,42,458,500
0.25-3-3-1 to 0.25-3-3-500,0.25,3,3,500,0.961,0.844,0.738,1,0.957,0.043,0,0,41,459,500
0.25-3-4-1 to 0.25-3-4-500,0.25,3,4,500,0.961,0.844,0.737,1,0.956,0.044,0,0,45,455,500
0.25-3-5-1 to 0.25-3-5-500,0.25,3,5,500,0.962,0.848,0.744,1,0.958,0.042,0,0,52,448,500
0.25-3-6-1 to 0.25-3-6-500,0.25,3,6,500,0.961,0.843,0.736,1,0.956,0.044,0,0,44,456,500
0.25-3-7-1 to 0.25-3-7-500,0.25,3,7,500,0.962,0.847,0.742,1,0.957,0.043,0,0,53,447,500
0.25-3-8-1 to 0.25-3-8-500,0.25,3,8,500,0.959,0.836,0.724,1,0.954,0.046,0,0,24,476,500
0.25-3-9-1 to 0.25-3-9-500,0.25,3,9,500,0.959,0.839,0.73,1,0.955,0.045,0,0,41,459,500
0.25-3-10-1 to 0.25-3-10-500,0.25,3,10,500,0.959,0.841,0.734,1,0.955,0.045,0,0,44,456,500
0.25-4-1-1 to 0.25-4-1-500,0.25,4,1,500,0.955,0.863,0.767,1,0.948,0.052,0,0,50,450,500
0.25-4-2-1 to 0.25-4-2-500,0.25,4,2,500,0.957,0.868,0.774,1,0.95,0.05,0,0,56,444,500
0.25-4-3-1 to 0.25-4-3-500,0.25,4,3,500,0.957,0.867,0.774,1,0.95,0.05,0,0,55,445,500
0.25-4-4-1 to 0.25-4-4-500,0.25,4,4,500,0.957,0.87,0.777,1,0.951,0.049,0,0,58,442,500
0.25-4-5-1 to 0.25-4-5-500,0.25,4,5,500,0.957,0.869,0.777,1,0.95,0.05,0,0,63,437,500
0.25-4-6-1 to 0.25-4-6-500,0.25,4,6,500,0.956,0.866,0.771,1,0.95,0.05,0,0,49,451,500
0.25-4-7-1 to 0.25-4-7-500,0.25,4,7,500,0.958,0.871,0.78,1,0.951,0.049,0,0,67,433,500
0.25-4-8-1 to 0.25-4-8-500,0.25,4,8,500,0.955,0.864,0.768,1,0.948,0.052,0,0,47,453,500
0.25-4-9-1 to 0.25-4-9-500,0.25,4,9,500,0.954,0.861,0.765,1,0.947,0.053,0,0,49,451,500
0.25-4-10-1 to 0.25-4-10-500,0.25,4,10,500,0.955,0.863,0.766,1,0.948,0.052,0,0,50,450,500
0.25-5-1-1 to 0.25-5-1-500,0.25,5,1,500,0.951,0.878,0.79,1,0.941,0.059,0,0,48,452,500
0.25-5-2-1 to 0.25-5-2-500,0.25,5,2,500,0.95,0.877,0.788,1,0.94,0.06,0,0,55,445,500
0.25-5-3-1 to 0.25-5-3-500,0.25,5,3,500,0.949,0.875,0.786,1,0.939,0.061,0,0,50,450,500
0.25-5-4-1 to 0.25-5-4-500,0.25,5,4,500,0.949,0.876,0.787,1,0.939,0.061,0,0,56,444,500
0.25-5-5-1 to 0.25-5-5-500,0.25,5,5,500,0.95,0.877,0.788,1,0.94,0.06,0,0,49,451,500
0.25-5-6-1 to 0.25-5-6-500,0.25,5,6,500,0.953,0.882,0.796,1,0.943,0.057,0,0,53,447,500
0.25-5-7-1 to 0.25-5-7-500,0.25,5,7,500,0.951,0.879,0.791,1,0.941,0.059,0,0,58,442,500
0.25-5-8-1 to 0.25-5-8-500,0.25,5,8,500,0.95,0.877,0.789,1,0.94,0.06,0,0,54,446,500
0.25-5-9-1 to 0.25-5-9-500,0.25,5,9,500,0.948,0.873,0.783,1,0.938,0.062,0,0,59,441,500
0.25-5-10-1 to 0.25-5-10-500,0.25,5,10,500,0.948,0.873,0.783,1,0.938,0.062,0,0,49,451,500
0.25-6-1-1 to 0.25-6-1-500,0.25,6,1,500,0.945,0.885,0.801,1,0.931,0.069,0,0,52,448,500
0.25-6-2-1 to 0.25-6-2-500,0.25,6,2,500,0.946,0.887,0.804,1,0.932,0.068,0,0,65,435,500
0.25-6-3-1 to 0.25-6-3-500,0.25,6,3,500,0.947,0.889,0.807,1,0.934,0.066,0,0,64,436,500
0.25-6-4-1 to 0.25-6-4-500,0.25,6,4,500,0.945,0.887,0.803,1,0.932,0.068,0,0,49,451,500
0.25-6-5-1 to 0.25-6-5-500,0.25,6,5,500,0.947,0.889,0.808,1,0.933,0.067,0,0,60,440,500
0.25-6-5-1 to 0.25-6-5-500,0.25,6,5,500,0.942,0.88,0.793,1,0.927,0.073,0,0,53,447,500
0.25-6-7-1 to 0.25-6-7-500,0.25,6,7,500,0.943,0.882,0.797,1,0.929,0.071,0,0,49,451,500
0.25-6-8-1 to 0.25-6-8-500,0.25,6,8,500,0.945,0.886,0.803,1,0.932,0.068,0,0,55,445,500
0.25-6-9-1 to 0.25-6-9-500,0.25,6,9,500,0.94,0.876,0.787,1,0.925,0.075,0,0,49,451,500
0.25-6-10-1 to 0.25-6-10-500,0.25,6,10,500,0.942,0.88,0.795,1,0.927,0.073,0,0,58,442,500
0.25-7-1-1 to 0.25-7-1-500,0.25,7,1,500,0.939,0.891,0.81,1,0.92,0.08,0,0,56,444,500
0.25-7-2-1 to 0.25-7-2-500,0.25,7,2,500,0.938,0.89,0.809,1,0.919,0.081,0,0,65,435,500
0.25-7-3-1 to 0.25-7-3-500,0.25,7,3,500,0.937,0.888,0.806,1,0.918,0.082,0,0,52,448,500
0.25-7-4-1 to 0.25-7-4-500,0.25,7,4,500,0.937,0.888,0.805,1,0.918,0.082,0,0,50,450,500
0.25-7-5-1 to 0.25-7-5-500,0.25,7,5,500,0.941,0.893,0.813,1,0.922,0.078,0,0,60,440,500
0.25-7-6-1 to 0.25-7-6-500,0.25,7,6,500,0.937,0.887,0.805,1,0.917,0.083,0,0,48,452,500
0.25-7-7-1 to 0.25-7-7-500,0.25,7,7,500,0.939,0.89,0.808,1,0.921,0.079,0,0,45,455,500
0.25-7-8-1 to 0.25-7-8-500,0.25,7,8,500,0.939,0.891,0.809,1,0.921,0.079,0,0,45,455,500
0.25-7-9-1 to 0.25-7-9-500,0.25,7,9,500,0.937,0.888,0.805,1,0.918,0.082,0,0,54,446,500
0.25-7-10-1 to 0.25-7-10-500,0.25,7,10,500,0.94,0.892,0.812,1,0.922,0.078,0,0,60,440,500
0.25-8-1-1 to 0.25-8-1-500,0.25,8,1,500,0.933,0.894,0.814,1,0.909,0.091,0,0,48,452,500
0.25-8-2-1 to 0.25-8-2-500,0.25,8,2,500,0.933,0.895,0.817,1,0.909,0.091,0,0,64,436,500
0.25-8-3-1 to 0.25-8-3-500,0.25,8,3,500,0.938,0.901,0.825,1,0.915,0.085,0,0,61,439,500
0.25-8-4-1 to 0.25-8-4-500,0.25,8,4,500,0.931,0.892,0.811,1,0.906,0.094,0,0,50,450,500
0.25-8-5-1 to 0.25-8-5-500,0.25,8,5,500,0.935,0.896,0.817,1,0.911,0.089,0,0,53,447,500
0.25-8-6-1 to 0.25-8-6-500,0.25,8,6,500,0.93,0.889,0.808,1,0.904,0.096,0,0,42,458,500
0.25-8-7-1 to 0.25-8-7-500,0.25,8,7,500,0.93,0.89,0.809,1,0.904,0.096,0,0,55,445,500
0.25-8-8-1 to 0.25-8-8-500,0.25,8,8,500,0.93,0.89,0.808,1,0.905,0.095,0,0,51,449,500
0.25-8-9-1 to 0.25-8-9-500,0.25,8,9,500,0.932,0.894,0.815,1,0.908,0.092,0,0,60,440,500
0.25-8-10-1 to 0.25-8-10-500,0.25,8,10,500,0.935,0.896,0.818,1,0.911,0.089,0,0,59,441,500
0.25-9-1-1 to 0.25-9-1-500,0.25,9,1,500,0.929,0.899,0.822,1,0.898,0.102,0,0,60,440,500
0.25-9-2-1 to 0.25-9-2-500,0.25,9,2,500,0.927,0.897,0.819,1,0.896,0.104,0,0,44,456,500
0.25-9-3-1 to 0.25-9-3-500,0.25,9,3,500,0.933,0.905,0.832,1,0.904,0.096,0,0,68,432,500
0.25-9-4-1 to 0.25-9-4-500,0.25,9,4,500,0.929,0.898,0.821,1,0.898,0.102,0,0,42,458,500
0.25-9-5-1 to 0.25-9-5-500,0.25,9,5,500,0.928,0.897,0.82,1,0.897,0.103,0,0,47,453,500
0.25-9-6-1 to 0.25-9-6-500,0.25,9,6,500,0.928,0.898,0.821,1,0.897,0.103,0,0,49,451,500
0.25-9-7-1 to 0.25-9-7-500,0.25,9,7,500,0.927,0.898,0.822,1,0.896,0.104,0,0,57,443,500
0.25-9-8-1 to 0.25-9-8-500,0.25,9,8,500,0.933,0.904,0.83,1,0.904,0.096,0,0,55,445,500
0.25-9-9-1 to 0.25-9-9-500,0.25,9,9,500,0.931,0.901,0.826,1,0.901,0.099,0,0,48,452,500
0.25-9-10-1 to 0.25-9-10-500,0.25,9,10,500,0.93,0.9,0.825,1,0.9,0.1,0,0,51,449,500
0.25-10-1-1 to 0.25-10-1-500,0.25,10,1,500,0.923,0.901,0.826,1,0.885,0.115,0,0,56,444,500
0.25-10-2-1 to 0.25-10-2-500,0.25,10,2,500,0.926,0.905,0.832,1,0.889,0.11,0,0,50,450,500
0.25-10-3-1 to 0.25-10-3-500,0.25,10,3,500,0.925,0.902,0.827,1,0.887,0.113,0,0,40,460,500
0.25-10-4-1 to 0.25-10-4-500,0.25,10,4,500,0.924,0.902,0.827,1,0.886,0.114,0,0,47,453,500
0.25-10-5-1 to 0.25-10-5-500,0.25,10,5,500,0.926,0.905,0.831,1,0.889,0.111,0,0,46,454,500
0.25-10-6-1 to 0.25-10-6-500,0.25,10,6,500,0.923,0.9,0.824,1,0.884,0.116,0,0,49,451,500
0.25-10-7-1 to 0.25-10-7-500,0.25,10,7,500,0.922,0.9,0.823,1,0.883,0.117,0,0,48,452,500
0.25-10-8-1 to 0.25-10-8-500,0.25,10,8,500,0.925,0.903,0.829,1,0.888,0.112,0,0,45,455,500
0.25-10-9-1 to 0.25-10-9-500,0.25,10,9,500,0.919,0.896,0.817,1,0.879,0.121,0,0,33,467,500
0.25-10-10-1 to 0.25-10-10-500,0.25,10,10,500,0.925,0.903,0.829,1,0.887,0.113,0,0,53,447,500
0.25-11-1-1 to 0.25-11-1-500,0.25,11,1,500,0.925,0.911,0.841,1,0.882,0.118,0,0,46,454,500
0.25-11-2-1 to 0.25-11-2-500,0.25,11,2,500,0.919,0.904,0.831,1,0.871,0.129,0,0,45,455,500
0.25-11-3-1 to 0.25-11-3-500,0.25,11,3,500,0.919,0.904,0.831,1,0.872,0.128,0,0,38,462,500
0.25-11-4-1 to 0.25-11-4-500,0.25,11,4,500,0.921,0.906,0.834,1,0.875,0.125,0,0,49,451,500
0.25-11-5-1 to 0.25-11-5-500,0.25,11,5,500,0.921,0.907,0.834,1,0.875,0.125,0,0,45,455,500
0.25-11-6-1 to 0.25-11-6-500,0.25,11,6,500,0.919,0.905,0.832,1,0.873,0.127,0,0,42,458,500
0.25-11-7-1 to 0.25-11-7-500,0.25,11,7,500,0.92,0.905,0.833,1,0.873,0.127,0,0,47,453,500
0.25-11-8-1 to 0.25-11-8-500,0.25,11,8,500,0.922,0.908,0.837,1,0.877,0.123,0,0,49,451,500
0.25-11-9-1 to 0.25-11-9-500,0.25,11,9,500,0.921,0.907,0.835,1,0.876,0.124,0,0,47,453,500
0.25-11-10-1 to 0.25-11-10-500,0.25,11,10,500,0.92,0.905,0.832,1,0.873,0.127,0,0,52,448,500
0.25-12-1-1 to 0.25-12-1-500,0.25,12,1,500,0.918,0.91,0.84,1,0.863,0.137,0,0,42,458,500
0.25-12-2-1 to 0.25-12-2-500,0.25,12,2,500,0.921,0.914,0.845,1,0.869,0.131,0,0,48,452,500
0.25-12-3-1 to 0.25-12-3-500,0.25,12,3,500,0.92,0.912,0.842,1,0.866,0.134,0,0,35,465,500
0.25-12-4-1 to 0.25-12-4-500,0.25,12,4,500,0.919,0.912,0.842,1,0.866,0.134,0,0,49,451,500
0.25-12-5-1 to 0.25-12-5-500,0.25,12,5,500,0.918,0.91,0.839,1,0.863,0.137,0,0,42,458,500
0.25-12-6-1 to 0.25-12-6-500,0.25,12,6,500,0.92,0.913,0.843,1,0.867,0.133,0,0,46,454,500
0.25-12-7-1 to 0.25-12-7-500,0.25,12,7,500,0.92,0.913,0.844,1,0.867,0.133,0,0,40,460,500
0.25-12-8-1 to 0.25-12-8-500,0.25,12,8,500,0.919,0.911,0.84,1,0.864,0.136,0,0,44,456,500
0.25-12-9-1 to 0.25-12-9-500,0.25,12,9,500,0.915,0.908,0.836,1,0.859,0.141,0,0,40,460,500
0.25-12-10-1 to 0.25-12-10-500,0.25,12,10,500,0.918,0.91,0.841,1,0.863,0.137,0,0,47,453,500
0.25-13-1-1 to 0.25-13-1-500,0.25,13,1,500,0.918,0.917,0.85,1,0.856,0.144,0,0,41,459,500
0.25-13-2-1 to 0.25-13-2-500,0.25,13,2,500,0.915,0.913,0.844,1,0.849,0.151,0,0,37,463,500
0.25-13-3-1 to 0.25-13-3-500,0.25,13,3,500,0.915,0.914,0.845,1,0.85,0.15,0,0,37,463,500
0.25-13-4-1 to 0.25-13-4-500,0.25,13,4,500,0.924,0.922,0.858,1,0.865,0.135,0,0,50,450,500
0.25-13-5-1 to 0.25-13-5-500,0.25,13,5,500,0.919,0.917,0.851,1,0.857,0.143,0,0,42,458,500
0.25-13-6-1 to 0.25-13-6-500,0.25,13,6,500,0.915,0.914,0.846,1,0.849,0.151,0,0,53,447,500
0.25-13-7-1 to 0.25-13-7-500,0.25,13,7,500,0.915,0.913,0.845,1,0.85,0.15,0,0,38,462,500
0.25-13-8-1 to 0.25-13-8-500,0.25,13,8,500,0.917,0.915,0.848,1,0.853,0.147,0,0,42,458,500
0.25-13-9-1 to 0.25-13-9-500,0.25,13,9,500,0.916,0.914,0.846,1,0.851,0.149,0,0,36,464,500
0.25-13-10-1 to 0.25-13-10-500,0.25,13,10,500,0.917,0.916,0.848,1,0.854,0.146,0,0,41,459,500
0.25-14-1-1 to 0.25-14-1-500,0.25,14,1,500,0.912,0.916,0.849,1,0.835,0.165,0,0,35,465,500
0.25-14-2-1 to 0.25-14-2-500,0.25,14,2,500,0.918,0.921,0.858,1,0.846,0.154,0,0,45,455,500
0.25-14-3-1 to 0.25-14-3-500,0.25,14,3,500,0.915,0.919,0.854,1,0.841,0.159,0,0,31,469,500
0.25-14-4-1 to 0.25-14-4-500,0.25,14,4,500,0.917,0.921,0.856,1,0.844,0.156,0,0,38,462,500
0.25-14-5-1 to 0.25-14-5-500,0.25,14,5,500,0.916,0.92,0.856,1,0.843,0.157,0,0,47,453,500
0.25-14-6-1 to 0.25-14-6-500,0.25,14,6,500,0.913,0.917,0.851,1,0.837,0.163,0,0,35,465,500
0.25-14-7-1 to 0.25-14-7-500,0.25,14,7,500,0.916,0.92,0.855,1,0.843,0.157,0,0,30,470,500
0.25-14-8-1 to 0.25-14-8-500,0.25,14,8,500,0.915,0.919,0.853,1,0.84,0.16,0,0,36,464,500
0.25-14-9-1 to 0.25-14-9-500,0.25,14,9,500,0.914,0.918,0.851,1,0.838,0.162,0,0,36,464,500
0.25-14-10-1 to 0.25-14-10-500,0.25,14,10,500,0.916,0.92,0.854,1,0.842,0.158,0,0,31,469,500
0.25-15-1-1 to 0.25-15-1-500,0.25,15,1,500,0.92,0.928,0.868,1,0.839,0.161,0,0,46,454,500
0.25-15-2-1 to 0.25-15-2-500,0.25,15,2,500,0.913,0.923,0.859,1,0.827,0.173,0,0,38,462,500
0.25-15-3-1 to 0.25-15-3-500,0.25,15,3,500,0.913,0.922,0.858,1,0.825,0.175,0,0,33,467,500
0.25-15-4-1 to 0.25-15-4-500,0.25,15,4,500,0.913,0.923,0.86,1,0.827,0.173,0,0,39,461,500
0.25-15-5-1 to 0.25-15-5-500,0.25,15,5,500,0.917,0.925,0.864,1,0.833,0.167,0,0,38,462,500
0.25-15-6-1 to 0.25-15-6-500,0.25,15,6,500,0.915,0.923,0.86,1,0.829,0.171,0,0,34,466,500
0.25-15-7-1 to 0.25-15-7-500,0.25,15,7,500,0.916,0.924,0.863,1,0.831,0.169,0,0,41,459,500
0.25-15-8-1 to 0.25-15-8-500,0.25,15,8,500,0.917,0.926,0.865,1,0.834,0.166,0,0,42,458,500
0.25-15-9-1 to 0.25-15-9-500,0.25,15,9,500,0.917,0.925,0.864,1,0.834,0.166,0,0,37,463,500
0.25-15-10-1 to 0.25-15-10-500,0.25,15,10,500,0.916,0.925,0.863,1,0.831,0.169,0,0,49,451,500
0.5-3-1-1 to 0.5-3-1-500,0.5,3,1,500,0.95,0.813,0.694,1,0.945,0.055,0,0,29,471,500
0.5-3-2-1 to 0.5-3-2-500,0.5,3,2,500,0.953,0.82,0.705,1,0.948,0.052,0,0,43,457,500
0.5-3-3-1 to 0.5-3-3-500,0.5,3,3,500,0.95,0.812,0.694,1,0.945,0.055,0,0,40,460,500
0.5-3-4-1 to 0.5-3-4-500,0.5,3,4,500,0.952,0.819,0.704,1,0.947,0.053,0,0,37,463,500
0.5-3-5-1 to 0.5-3-5-500,0.5,3,5,500,0.95,0.812,0.694,1,0.944,0.056,0,0,35,465,500
0.5-3-6-1 to 0.5-3-6-500,0.5,3,6,500,0.952,0.817,0.701,1,0.946,0.054,0,0,41,459,500
0.5-3-7-1 to 0.5-3-7-500,0.5,3,7,500,0.95,0.811,0.693,1,0.944,0.056,0,0,36,464,500
0.5-3-8-1 to 0.5-3-8-500,0.5,3,8,500,0.948,0.808,0.688,1,0.943,0.057,0,0,30,470,500
0.5-3-9-1 to 0.5-3-9-500,0.5,3,9,500,0.952,0.817,0.701,1,0.946,0.054,0,0,42,458,500
0.5-3-10-1 to 0.5-3-10-500,0.5,3,10,500,0.951,0.815,0.698,1,0.946,0.054,0,0,44,456,500
0.5-4-1-1 to 0.5-4-1-500,0.5,4,1,500,0.94,0.827,0.715,1,0.93,0.07,0,0,40,460,500
0.5-4-2-1 to 0.5-4-2-500,0.5,4,2,500,0.941,0.83,0.72,1,0.932,0.068,0,0,38,462,500
0.5-4-3-1 to 0.5-4-3-500,0.5,4,3,500,0.941,0.83,0.72,1,0.932,0.068,0,0,45,455,500
0.5-4-4-1 to 0.5-4-4-500,0.5,4,4,500,0.94,0.828,0.717,1,0.931,0.069,0,0,38,462,500
0.5-4-5-1 to 0.5-4-5-500,0.5,4,5,500,0.943,0.832,0.721,1,0.934,0.066,0,0,31,469,500
0.5-4-6-1 to 0.5-4-6-500,0.5,4,6,500,0.941,0.831,0.722,1,0.932,0.068,0,0,46,454,500
0.5-4-7-1 to 0.5-4-7-500,0.5,4,7,500,0.942,0.832,0.721,1,0.933,0.067,0,0,31,469,500
0.5-4-8-1 to 0.5-4-8-500,0.5,4,8,500,0.941,0.829,0.719,1,0.932,0.068,0,0,39,461,500
0.5-4-9-1 to 0.5-4-9-500,0.5,4,9,500,0.941,0.832,0.724,1,0.932,0.068,0,0,49,451,500
0.5-4-10-1 to 0.5-4-10-500,0.5,4,10,500,0.94,0.828,0.717,1,0.931,0.069,0,0,41,459,500
0.5-5-1-1 to 0.5-5-1-500,0.5,5,1,500,0.934,0.843,0.738,1,0.921,0.079,0,0,36,464,500
0.5-5-2-1 to 0.5-5-2-500,0.5,5,2,500,0.933,0.842,0.737,1,0.919,0.081,0,0,41,459,500
0.5-5-3-1 to 0.5-5-3-500,0.5,5,3,500,0.936,0.848,0.745,1,0.923,0.077,0,0,39,461,500
0.5-5-4-1 to 0.5-5-4-500,0.5,5,4,500,0.932,0.839,0.732,1,0.918,0.082,0,0,40,460,500
0.5-5-5-1 to 0.5-5-5-500,0.5,5,5,500,0.937,0.85,0.747,1,0.925,0.075,0,0,32,468,500
0.5-5-6-1 to 0.5-5-6-500,0.5,5,6,500,0.931,0.839,0.732,1,0.917,0.083,0,0,39,461,500
0.5-5-7-1 to 0.5-5-7-500,0.5,5,7,500,0.932,0.839,0.732,1,0.918,0.082,0,0,28,472,500
0.5-5-8-1 to 0.5-5-8-500,0.5,5,8,500,0.931,0.839,0.732,1,0.918,0.082,0,0,37,463,500
0.5-5-9-1 to 0.5-5-9-500,0.5,5,9,500,0.932,0.84,0.735,1,0.918,0.082,0,0,40,460,500
0.5-5-10-1 to 0.5-5-10-500,0.5,5,10,500,0.93,0.837,0.73,1,0.917,0.083,0,0,34,466,500
0.5-6-1-1 to 0.5-6-1-500,0.5,6,1,500,0.921,0.843,0.737,1,0.901,0.099,0,0,32,468,500
0.5-6-2-1 to 0.5-6-2-500,0.5,6,2,500,0.924,0.849,0.747,1,0.905,0.095,0,0,44,456,500
0.5-6-3-1 to 0.5-6-3-500,0.5,6,3,500,0.926,0.852,0.75,1,0.908,0.092,0,0,33,467,500
0.5-6-4-1 to 0.5-6-4-500,0.5,6,4,500,0.923,0.847,0.743,1,0.904,0.096,0,0,30,470,500
0.5-6-5-1 to 0.5-6-5-500,0.5,6,5,500,0.921,0.843,0.738,1,0.901,0.098,0,0,27,473,500
0.5-6-6-1 to 0.5-6-6-500,0.5,6,6,500,0.922,0.846,0.743,1,0.903,0.097,0,0,32,468,500
0.5-6-7-1 to 0.5-6-7-500,0.5,6,7,500,0.92,0.843,0.738,1,0.9,0.1,0,0,36,464,500
0.5-6-8-1 to 0.5-6-8-500,0.5,6,8,500,0.922,0.846,0.741,1,0.903,0.097,0,0,29,471,500
0.5-6-9-1 to 0.5-6-9-500,0.5,6,9,500,0.924,0.848,0.745,1,0.905,0.095,0,0,31,469,500
0.5-6-10-1 to 0.5-6-10-500,0.5,6,10,500,0.922,0.846,0.743,1,0.902,0.098,0,0,46,454,500
0.5-7-1-1 to 0.5-7-1-500,0.5,7,1,500,0.914,0.851,0.749,1,0.888,0.112,0,0,27,473,500
0.5-7-2-1 to 0.5-7-2-500,0.5,7,2,500,0.911,0.847,0.743,1,0.884,0.116,0,0,23,477,500
0.5-7-3-1 to 0.5-7-3-500,0.5,7,3,500,0.914,0.852,0.75,1,0.888,0.112,0,0,27,473,500
0.5-7-4-1 to 0.5-7-4-500,0.5,7,4,500,0.913,0.85,0.745,1,0.887,0.113,0,0,17,483,500
0.5-7-5-1 to 0.5-7-5-500,0.5,7,5,500,0.917,0.856,0.756,1,0.892,0.108,0,0,31,469,500
0.5-7-6-1 to 0.5-7-6-500,0.5,7,6,500,0.915,0.853,0.752,1,0.889,0.111,0,0,25,475,500
0.5-7-7-1 to 0.5-7-7-500,0.5,7,7,500,0.913,0.85,0.746,1,0.887,0.113,0,0,20,480,500
0.5-7-8-1 to 0.5-7-8-500,0.5,7,8,500,0.917,0.856,0.756,1,0.892,0.108,0,0,30,470,500
0.5-7-9-1 to 0.5-7-9-500,0.5,7,9,500,0.914,0.851,0.749,1,0.887,0.113,0,0,35,465,500
0.5-7-10-1 to 0.5-7-10-500,0.5,7,10,500,0.911,0.848,0.745,1,0.884,0.116,0,0,26,474,500
0.5-8-1-1 to 0.5-8-1-500,0.5,8,1,500,0.905,0.855,0.754,1,0.871,0.129,0,0,26,474,500
0.5-8-2-1 to 0.5-8-2-500,0.5,8,2,500,0.904,0.854,0.753,1,0.869,0.131,0,0,27,473,500
0.5-8-3-1 to 0.5-8-3-500,0.5,8,3,500,0.906,0.856,0.756,1,0.872,0.128,0,0,28,472,500
0.5-8-4-1 to 0.5-8-4-500,0.5,8,4,500,0.906,0.856,0.756,1,0.871,0.129,0,0,27,473,500
0.5-8-5-1 to 0.5-8-5-500,0.5,8,5,500,0.905,0.855,0.754,1,0.871,0.129,0,0,22,478,500
0.5-8-6-1 to 0.5-8-6-500,0.5,8,6,500,0.912,0.865,0.768,1,0.88,0.12,0,0,28,472,500
0.5-8-7-1 to 0.5-8-7-500,0.5,8,7,500,0.903,0.854,0.753,1,0.868,0.132,0,0,23,477,500
0.5-8-8-1 to 0.5-8-8-500,0.5,8,8,500,0.91,0.861,0.762,1,0.877,0.123,0,0,19,481,500
0.5-8-9-1 to 0.5-8-9-500,0.5,8,9,500,0.908,0.859,0.761,1,0.874,0.126,0,0,31,469,500
0.5-8-10-1 to 0.5-8-10-500,0.5,8,10,500,0.903,0.852,0.749,1,0.867,0.133,0,0,21,479,500
0.5-9-1-1 to 0.5-9-1-500,0.5,9,1,500,0.898,0.861,0.762,1,0.855,0.145,0,0,14,486,500
0.5-9-2-1 to 0.5-9-2-500,0.5,9,2,500,0.905,0.869,0.775,1,0.865,0.135,0,0,22,478,500
0.5-9-3-1 to 0.5-9-3-500,0.5,9,3,500,0.902,0.865,0.769,1,0.86,0.14,0,0,21,479,500
0.5-9-4-1 to 0.5-9-4-500,0.5,9,4,500,0.9,0.862,0.763,1,0.857,0.143,0,0,14,486,500
0.5-9-5-1 to 0.5-9-5-500,0.5,9,5,500,0.9,0.862,0.764,1,0.856,0.144,0,0,19,481,500
0.5-9-6-1 to 0.5-9-6-500,0.5,9,6,500,0.902,0.866,0.77,1,0.86,0.14,0,0,28,472,500
0.5-9-7-1 to 0.5-9-7-500,0.5,9,7,500,0.905,0.868,0.773,1,0.864,0.136,0,0,19,481,500
0.5-9-8-1 to 0.5-9-8-500,0.5,9,8,500,0.904,0.866,0.77,1,0.862,0.138,0,0,23,477,500
0.5-9-9-1 to 0.5-9-9-500,0.5,9,9,500,0.902,0.866,0.769,1,0.86,0.14,0,0,25,475,500
0.5-9-10-1 to 0.5-9-10-500,0.5,9,10,500,0.9,0.862,0.764,1,0.857,0.143,0,0,25,475,500
0.5-10-1-1 to 0.5-10-1-500,0.5,10,1,500,0.897,0.871,0.777,1,0.846,0.154,0,0,15,485,500
0.5-10-2-1 to 0.5-10-2-500,0.5,10,2,500,0.896,0.869,0.774,1,0.843,0.157,0,0,20,480,500
0.5-10-3-1 to 0.5-10-3-500,0.5,10,3,500,0.897,0.87,0.776,1,0.845,0.155,0,0,27,473,500
0.5-10-4-1 to 0.5-10-4-500,0.5,10,4,500,0.901,0.875,0.784,1,0.851,0.149,0,0,24,476,500
0.5-10-5-1 to 0.5-10-5-500,0.5,10,5,500,0.891,0.865,0.768,1,0.837,0.163,0,0,13,487,500
0.5-10-6-1 to 0.5-10-6-500,0.5,10,6,500,0.892,0.866,0.769,1,0.839,0.162,0,0,14,486,500
0.5-10-7-1 to 0.5-10-7-500,0.5,10,7,500,0.898,0.871,0.778,1,0.846,0.154,0,0,18,482,500
0.5-10-8-1 to 0.5-10-8-500,0.5,10,8,500,0.891,0.865,0.768,1,0.837,0.163,0,0,17,483,500
0.5-10-9-1 to 0.5-10-9-500,0.5,10,9,500,0.895,0.869,0.774,1,0.842,0.158,0,0,21,479,500
0.5-10-10-1 to 0.5-10-10-500,0.5,10,10,500,0.897,0.871,0.776,1,0.846,0.154,0,0,17,483,500
0.5-11-1-1 to 0.5-11-1-500,0.5,11,1,500,0.893,0.876,0.784,1,0.831,0.169,0,0,13,487,500
0.5-11-2-1 to 0.5-11-2-500,0.5,11,2,500,0.892,0.876,0.783,1,0.83,0.17,0,0,14,486,500
0.5-11-3-1 to 0.5-11-3-500,0.5,11,3,500,0.893,0.877,0.785,1,0.831,0.169,0,0,17,483,500
0.5-11-4-1 to 0.5-11-4-500,0.5,11,4,500,0.891,0.874,0.782,1,0.827,0.173,0,0,18,482,500
0.5-11-5-1 to 0.5-11-5-500,0.5,11,5,500,0.895,0.879,0.789,1,0.834,0.166,0,0,19,481,500
0.5-11-6-1 to 0.5-11-6-500,0.5,11,6,500,0.891,0.875,0.783,1,0.828,0.172,0,0,14,486,500
0.5-11-7-1 to 0.5-11-7-500,0.5,11,7,500,0.89,0.874,0.781,1,0.827,0.173,0,0,21,479,500
0.5-11-8-1 to 0.5-11-8-500,0.5,11,8,500,0.893,0.877,0.787,1,0.831,0.169,0,0,17,483,500
0.5-11-9-1 to 0.5-11-9-500,0.5,11,9,500,0.892,0.876,0.785,1,0.83,0.17,0,0,21,479,500
0.5-11-10-1 to 0.5-11-10-500,0.5,11,10,500,0.893,0.877,0.786,1,0.831,0.169,0,0,19,481,500
0.5-12-1-1 to 0.5-12-1-500,0.5,12,1,500,0.889,0.882,0.793,1,0.815,0.185,0,0,20,480,500
0.5-12-2-1 to 0.5-12-2-500,0.5,12,2,500,0.888,0.881,0.792,1,0.814,0.186,0,0,14,486,500
0.5-12-3-1 to 0.5-12-3-500,0.5,12,3,500,0.89,0.882,0.794,1,0.817,0.183,0,0,12,488,500
0.5-12-4-1 to 0.5-12-4-500,0.5,12,4,500,0.882,0.875,0.783,1,0.803,0.197,0,0,18,482,500
0.5-12-5-1 to 0.5-12-5-500,0.5,12,5,500,0.885,0.878,0.787,1,0.809,0.191,0,0,13,487,500
0.5-12-6-1 to 0.5-12-6-500,0.5,12,6,500,0.886,0.879,0.787,1,0.811,0.189,0,0,10,490,500
0.5-12-7-1 to 0.5-12-7-500,0.5,12,7,500,0.888,0.881,0.791,1,0.813,0.187,0,0,15,485,500
0.5-12-8-1 to 0.5-12-8-500,0.5,12,8,500,0.891,0.883,0.796,1,0.818,0.182,0,0,22,478,500
0.5-12-9-1 to 0.5-12-9-500,0.5,12,9,500,0.89,0.883,0.795,1,0.816,0.184,0,0,21,479,500
0.5-12-10-1 to 0.5-12-10-500,0.5,12,10,500,0.891,0.883,0.794,1,0.818,0.182,0,0,14,486,500
0.5-13-1-1 to 0.5-13-1-500,0.5,13,1,500,0.886,0.887,0.801,1,0.8,0.2,0,0,11,489,500
0.5-13-2-1 to 0.5-13-2-500,0.5,13,2,500,0.885,0.886,0.799,1,0.796,0.204,0,0,13,487,500
0.5-13-3-1 to 0.5-13-3-500,0.5,13,3,500,0.89,0.891,0.807,1,0.806,0.194,0,0,20,480,500
0.5-13-4-1 to 0.5-13-4-500,0.5,13,4,500,0.885,0.886,0.799,1,0.797,0.203,0,0,10,490,500
0.5-13-5-1 to 0.5-13-5-500,0.5,13,5,500,0.891,0.891,0.808,1,0.808,0.192,0,0,17,483,500
0.5-13-6-1 to 0.5-13-6-500,0.5,13,6,500,0.885,0.885,0.798,1,0.796,0.204,0,0,11,489,500
0.5-13-7-1 to 0.5-13-7-500,0.5,13,7,500,0.89,0.89,0.806,1,0.805,0.195,0,0,19,481,500
0.5-13-8-1 to 0.5-13-8-500,0.5,13,8,500,0.887,0.888,0.802,1,0.8,0.2,0,0,13,487,500
0.5-13-9-1 to 0.5-13-9-500,0.5,13,9,500,0.885,0.886,0.799,1,0.797,0.203,0,0,13,487,500
0.5-13-10-1 to 0.5-13-10-500,0.5,13,10,500,0.89,0.89,0.806,1,0.806,0.194,0,0,6,494,500
0.5-14-1-1 to 0.5-14-1-500,0.5,14,1,500,0.883,0.892,0.808,1,0.781,0.218,0,0,16,484,500
0.5-14-2-1 to 0.5-14-2-500,0.5,14,2,500,0.891,0.897,0.817,1,0.795,0.205,0,0,12,488,500
0.5-14-3-1 to 0.5-14-3-500,0.5,14,3,500,0.886,0.894,0.812,1,0.786,0.214,0,0,11,489,500
0.5-14-4-1 to 0.5-14-4-500,0.5,14,4,500,0.886,0.893,0.811,1,0.786,0.214,0,0,12,488,500
0.5-14-5-1 to 0.5-14-5-500,0.5,14,5,500,0.887,0.895,0.813,1,0.788,0.212,0,0,9,491,500
0.5-14-6-1 to 0.5-14-6-500,0.5,14,6,500,0.886,0.894,0.811,1,0.786,0.214,0,0,12,488,500
0.5-14-7-1 to 0.5-14-7-500,0.5,14,7,500,0.886,0.894,0.812,1,0.787,0.213,0,0,15,485,500
0.5-14-8-1 to 0.5-14-8-500,0.5,14,8,500,0.886,0.894,0.812,1,0.787,0.213,0,0,15,485,500
0.5-14-9-1 to 0.5-14-9-500,0.5,14,9,500,0.888,0.896,0.815,1,0.79,0.21,0,0,20,480,500
0.5-14-10-1 to 0.5-14-10-500,0.5,14,10,500,0.883,0.891,0.807,1,0.781,0.219,0,0,13,487,500
0.5-15-1-1 to 0.5-15-1-500,0.5,15,1,500,0.887,0.901,0.823,1,0.775,0.225,0,0,11,489,500
0.5-15-2-1 to 0.5-15-2-500,0.5,15,2,500,0.885,0.899,0.82,1,0.77,0.23,0,0,17,483,500
0.5-15-3-1 to 0.5-15-3-500,0.5,15,3,500,0.886,0.9,0.821,1,0.772,0.228,0,0,7,493,500
0.5-15-4-1 to 0.5-15-4-500,0.5,15,4,500,0.888,0.902,0.824,1,0.776,0.224,0,0,17,483,500
0.5-15-5-1 to 0.5-15-5-500,0.5,15,5,500,0.891,0.904,0.828,1,0.783,0.217,0,0,11,489,500
0.5-15-6-1 to 0.5-15-6-500,0.5,15,6,500,0.887,0.901,0.823,1,0.774,0.226,0,0,13,487,500
0.5-15-7-1 to 0.5-15-7-500,0.5,15,7,500,0.891,0.904,0.827,1,0.781,0.219,0,0,16,484,500
0.5-15-8-1 to 0.5-15-8-500,0.5,15,8,500,0.883,0.898,0.819,1,0.767,0.233,0,0,15,485,500
0.5-15-9-1 to 0.5-15-9-500,0.5,15,9,500,0.886,0.9,0.821,1,0.773,0.227,0,0,11,489,500
0.5-15-10-1 to 0.5-15-10-500,0.5,15,10,500,0.886,0.9,0.822,1,0.773,0.227,0,0,14,486,500
0.75-3-1-1 to 0.75-3-1-500,0.75,3,1,500,0.91,0.711,0.567,1,0.9,0.1,0,0,21,479,500
0.75-3-2-1 to 0.75-3-2-500,0.75,3,2,500,0.914,0.721,0.579,1,0.905,0.095,0,0,24,476,500
0.75-3-3-1 to 0.75-3-3-500,0.75,3,3,500,0.913,0.716,0.571,1,0.903,0.097,0,0,18,482,500
0.75-3-4-1 to 0.75-3-4-500,0.75,3,4,500,0.913,0.716,0.571,1,0.903,0.097,0,0,19,481,500
0.75-3-5-1 to 0.75-3-5-500,0.75,3,5,500,0.915,0.723,0.582,1,0.906,0.094,0,0,26,474,500
0.75-3-6-1 to 0.75-3-6-500,0.75,3,6,500,0.908,0.704,0.556,1,0.898,0.102,0,0,12,488,500
0.75-3-7-1 to 0.75-3-7-500,0.75,3,7,500,0.916,0.722,0.577,1,0.907,0.093,0,0,10,490,500
0.75-3-8-1 to 0.75-3-8-500,0.75,3,8,500,0.914,0.72,0.577,1,0.905,0.095,0,0,21,479,500
0.75-3-9-1 to 0.75-3-9-500,0.75,3,9,500,0.913,0.717,0.572,1,0.904,0.096,0,0,15,485,500
0.75-3-10-1 to 0.75-3-10-500,0.75,3,10,500,0.914,0.718,0.574,1,0.904,0.096,0,0,22,478,500
0.75-4-1-1 to 0.75-4-1-500,0.75,4,1,500,0.896,0.735,0.593,1,0.88,0.12,0,0,15,485,500
0.75-4-2-1 to 0.75-4-2-500,0.75,4,2,500,0.892,0.727,0.583,1,0.875,0.125,0,0,9,491,500
0.75-4-3-1 to 0.75-4-3-500,0.75,4,3,500,0.895,0.732,0.587,1,0.878,0.122,0,0,7,493,500
0.75-4-4-1 to 0.75-4-4-500,0.75,4,4,500,0.896,0.736,0.594,1,0.88,0.12,0,0,13,487,500
0.75-4-5-1 to 0.75-4-5-500,0.75,4,5,500,0.894,0.732,0.588,1,0.878,0.122,0,0,11,489,500
0.75-4-6-1 to 0.75-4-6-500,0.75,4,6,500,0.892,0.727,0.581,1,0.875,0.125,0,0,9,491,500
0.75-4-7-1 to 0.75-4-7-500,0.75,4,7,500,0.897,0.737,0.594,1,0.881,0.119,0,0,13,487,500
0.75-4-8-1 to 0.75-4-8-500,0.75,4,8,500,0.895,0.732,0.589,1,0.878,0.122,0,0,9,491,500
0.75-4-9-1 to 0.75-4-9-500,0.75,4,9,500,0.893,0.73,0.588,1,0.877,0.123,0,0,16,484,500
0.75-4-10-1 to 0.75-4-10-500,0.75,4,10,500,0.893,0.731,0.588,1,0.877,0.123,0,0,14,486,500
0.75-5-1-1 to 0.75-5-1-500,0.75,5,1,500,0.875,0.741,0.599,1,0.85,0.15,0,0,9,491,500
0.75-5-2-1 to 0.75-5-2-500,0.75,5,2,500,0.874,0.739,0.597,1,0.848,0.152,0,0,6,494,500
0.75-5-3-1 to 0.75-5-3-500,0.75,5,3,500,0.882,0.751,0.612,1,0.858,0.142,0,0,9,491,500
0.75-5-4-1 to 0.75-5-4-500,0.75,5,4,500,0.883,0.751,0.611,1,0.859,0.141,0,0,3,497,500
0.75-5-5-1 to 0.75-5-5-500,0.75,5,5,500,0.879,0.746,0.605,1,0.855,0.145,0,0,8,492,500
0.75-5-6-1 to 0.75-5-6-500,0.75,5,6,500,0.881,0.751,0.611,1,0.857,0.143,0,0,13,487,500
0.75-5-7-1 to 0.75-5-7-500,0.75,5,7,500,0.878,0.744,0.601,1,0.854,0.146,0,0,7,493,500
0.75-5-8-1 to 0.75-5-8-500,0.75,5,8,500,0.878,0.745,0.603,1,0.853,0.147,0,0,5,495,500
0.75-5-9-1 to 0.75-5-9-500,0.75,5,9,500,0.882,0.751,0.611,1,0.859,0.141,0,0,10,490,500
0.75-5-10-1 to 0.75-5-10-500,0.75,5,10,500,0.877,0.744,0.602,1,0.853,0.147,0,0,12,488,500
0.75-6-1-1 to 0.75-6-1-500,0.75,6,1,500,0.86,0.75,0.608,1,0.825,0.175,0,0,5,495,500
0.75-6-2-1 to 0.75-6-2-500,0.75,6,2,500,0.859,0.751,0.61,1,0.824,0.176,0,0,9,491,500
0.75-6-3-1 to 0.75-6-3-500,0.75,6,3,500,0.856,0.747,0.604,1,0.821,0.18,0,0,5,495,500
0.75-6-4-1 to 0.75-6-4-500,0.75,6,4,500,0.865,0.758,0.619,1,0.831,0.169,0,0,3,497,500
0.75-6-5-1 to 0.75-6-5-500,0.75,6,5,500,0.87,0.764,0.627,1,0.837,0.163,0,0,8,492,500
0.75-6-6-1 to 0.75-6-6-500,0.75,6,6,500,0.862,0.754,0.614,1,0.827,0.173,0,0,5,495,500
0.75-6-7-1 to 0.75-6-7-500,0.75,6,7,500,0.861,0.753,0.613,1,0.827,0.173,0,0,8,492,500
0.75-6-8-1 to 0.75-6-8-500,0.75,6,8,500,0.866,0.759,0.621,1,0.832,0.168,0,0,5,495,500
0.75-6-9-1 to 0.75-6-9-500,0.75,6,9,500,0.861,0.753,0.614,1,0.826,0.174,0,0,7,493,500
0.75-6-10-1 to 0.75-6-10-500,0.75,6,10,500,0.868,0.763,0.627,1,0.835,0.165,0,0,9,491,500
0.75-7-1-1 to 0.75-7-1-500,0.75,7,1,500,0.853,0.769,0.633,1,0.808,0.192,0,0,7,493,500
0.75-7-2-1 to 0.75-7-2-500,0.75,7,2,500,0.854,0.771,0.636,1,0.81,0.19,0,0,4,496,500
0.75-7-3-1 to 0.75-7-3-500,0.75,7,3,500,0.852,0.767,0.63,1,0.807,0.193,0,0,3,497,500
0.75-7-4-1 to 0.75-7-4-500,0.75,7,4,500,0.86,0.777,0.643,1,0.817,0.183,0,0,7,493,500
0.75-7-5-1 to 0.75-7-5-500,0.75,7,5,500,0.851,0.767,0.63,1,0.806,0.194,0,0,8,492,500
0.75-7-6-1 to 0.75-7-6-500,0.75,7,6,500,0.848,0.765,0.627,1,0.802,0.198,0,0,5,495,500
0.75-7-7-1 to 0.75-7-7-500,0.75,7,7,500,0.85,0.765,0.627,1,0.804,0.196,0,0,4,496,500
0.75-7-8-1 to 0.75-7-8-500,0.75,7,8,500,0.852,0.769,0.633,1,0.807,0.193,0,0,5,495,500
0.75-7-9-1 to 0.75-7-9-500,0.75,7,9,500,0.853,0.769,0.632,1,0.808,0.192,0,0,1,499,500
0.75-7-10-1 to 0.75-7-10-500,0.75,7,10,500,0.854,0.77,0.633,1,0.809,0.191,0,0,1,499,500
0.75-8-1-1 to 0.75-8-1-500,0.75,8,1,500,0.842,0.779,0.645,1,0.785,0.215,0,0,1,499,500
0.75-8-2-1 to 0.75-8-2-500,0.75,8,2,500,0.84,0.776,0.639,1,0.782,0.218,0,0,5,495,500
0.75-8-3-1 to 0.75-8-3-500,0.75,8,3,500,0.838,0.774,0.638,1,0.779,0.221,0,0,1,499,500
0.75-8-4-1 to 0.75-8-4-500,0.75,8,4,500,0.843,0.78,0.646,1,0.785,0.215,0,0,2,498,500
0.75-8-5-1 to 0.75-8-5-500,0.75,8,5,500,0.842,0.779,0.644,1,0.785,0.215,0,0,5,495,500
0.75-8-6-1 to 0.75-8-6-500,0.75,8,6,500,0.843,0.779,0.644,1,0.785,0.215,0,0,3,497,500
0.75-8-7-1 to 0.75-8-7-500,0.75,8,7,500,0.843,0.78,0.646,1,0.787,0.213,0,0,1,499,500
0.75-8-8-1 to 0.75-8-8-500,0.75,8,8,500,0.845,0.782,0.648,1,0.789,0.211,0,0,2,498,500
0.75-8-9-1 to 0.75-8-9-500,0.75,8,9,500,0.843,0.78,0.646,1,0.786,0.214,0,0,4,496,500
0.75-8-10-1 to 0.75-8-10-500,0.75,8,10,500,0.843,0.78,0.646,1,0.786,0.214,0,0,5,495,500
0.75-9-1-1 to 0.75-9-1-500,0.75,9,1,500,0.833,0.788,0.656,1,0.761,0.239,0,0,1,499,500
0.75-9-2-1 to 0.75-9-2-500,0.75,9,2,500,0.839,0.796,0.667,1,0.77,0.23,0,0,4,496,500
0.75-9-3-1 to 0.75-9-3-500,0.75,9,3,500,0.839,0.795,0.665,1,0.77,0.23,0,0,2,498,500
0.75-9-4-1 to 0.75-9-4-500,0.75,9,4,500,0.839,0.795,0.665,1,0.77,0.23,0,0,1,499,500
0.75-9-5-1 to 0.75-9-5-500,0.75,9,5,500,0.84,0.795,0.666,1,0.771,0.229,0,0,5,495,500
0.75-9-6-1 to 0.75-9-6-500,0.75,9,6,500,0.842,0.797,0.669,1,0.774,0.226,0,0,5,495,500
0.75-9-7-1 to 0.75-9-7-500,0.75,9,7,500,0.836,0.792,0.661,1,0.766,0.234,0,0,1,499,500
0.75-9-8-1 to 0.75-9-8-500,0.75,9,8,500,0.837,0.792,0.662,1,0.767,0.233,0,0,5,495,500
0.75-9-9-1 to 0.75-9-9-500,0.75,9,9,500,0.835,0.791,0.66,1,0.765,0.235,0,0,3,497,500
0.75-9-10-1 to 0.75-9-10-500,0.75,9,10,500,0.836,0.791,0.66,1,0.765,0.235,0,0,4,496,500
0.75-10-1-1 to 0.75-10-1-500,0.75,10,1,500,0.84,0.813,0.69,1,0.761,0.239,0,0,3,497,500
0.75-10-2-1 to 0.75-10-2-500,0.75,10,2,500,0.837,0.808,0.682,1,0.755,0.245,0,0,0,500,500
0.75-10-3-1 to 0.75-10-3-500,0.75,10,3,500,0.831,0.804,0.677,1,0.747,0.253,0,0,2,498,500
0.75-10-4-1 to 0.75-10-4-500,0.75,10,4,500,0.833,0.805,0.678,1,0.749,0.251,0,0,6,494,500
0.75-10-5-1 to 0.75-10-5-500,0.75,10,5,500,0.838,0.81,0.686,1,0.757,0.243,0,0,4,496,500
0.75-10-6-1 to 0.75-10-6-500,0.75,10,6,500,0.834,0.806,0.679,1,0.751,0.249,0,0,1,499,500
0.75-10-7-1 to 0.75-10-7-500,0.75,10,7,500,0.833,0.805,0.678,1,0.75,0.25,0,0,1,499,500
0.75-10-8-1 to 0.75-10-8-500,0.75,10,8,500,0.831,0.802,0.675,1,0.746,0.254,0,0,2,498,500
0.75-10-9-1 to 0.75-10-9-500,0.75,10,9,500,0.832,0.804,0.678,1,0.748,0.252,0,0,4,496,500
0.75-10-10-1 to 0.75-10-10-500,0.75,10,10,500,0.839,0.811,0.688,1,0.759,0.241,0,0,2,498,500
0.75-11-1-1 to 0.75-11-1-500,0.75,11,1,500,0.831,0.817,0.694,1,0.733,0.267,0,0,0,500,500
0.75-11-2-1 to 0.75-11-2-500,0.75,11,2,500,0.834,0.82,0.7,1,0.737,0.263,0,0,1,499,500
0.75-11-3-1 to 0.75-11-3-500,0.75,11,3,500,0.835,0.821,0.701,1,0.74,0.26,0,0,3,497,500
0.75-11-4-1 to 0.75-11-4-500,0.75,11,4,500,0.834,0.819,0.699,1,0.737,0.263,0,0,5,495,500
0.75-11-5-1 to 0.75-11-5-500,0.75,11,5,500,0.825,0.812,0.688,1,0.724,0.276,0,0,1,499,500
0.75-11-6-1 to 0.75-11-6-500,0.75,11,6,500,0.832,0.818,0.696,1,0.735,0.265,0,0,2,498,500
0.75-11-7-1 to 0.75-11-7-500,0.75,11,7,500,0.829,0.816,0.694,1,0.73,0.27,0,0,0,500,500
0.75-11-8-1 to 0.75-11-8-500,0.75,11,8,500,0.83,0.816,0.695,1,0.732,0.268,0,0,3,497,500
0.75-11-9-1 to 0.75-11-9-500,0.75,11,9,500,0.831,0.817,0.695,1,0.733,0.267,0,0,2,498,500
0.75-11-10-1 to 0.75-11-10-500,0.75,11,10,500,0.831,0.817,0.696,1,0.733,0.267,0,0,2,498,500
0.75-12-1-1 to 0.75-12-1-500,0.75,12,1,500,0.826,0.826,0.707,1,0.71,0.29,0,0,1,499,500
0.75-12-2-1 to 0.75-12-2-500,0.75,12,2,500,0.83,0.828,0.71,1,0.716,0.284,0,0,1,499,500
0.75-12-3-1 to 0.75-12-3-500,0.75,12,3,500,0.831,0.829,0.712,1,0.718,0.282,0,0,3,497,500
0.75-12-4-1 to 0.75-12-4-500,0.75,12,4,500,0.83,0.829,0.712,1,0.717,0.283,0,0,4,496,500
0.75-12-5-1 to 0.75-12-5-500,0.75,12,5,500,0.831,0.83,0.714,1,0.718,0.282,0,0,3,497,500
0.75-12-6-1 to 0.75-12-6-500,0.75,12,6,500,0.829,0.828,0.711,1,0.714,0.286,0,0,2,498,500
0.75-12-7-1 to 0.75-12-7-500,0.75,12,7,500,0.84,0.837,0.724,1,0.733,0.267,0,0,2,498,500
0.75-12-8-1 to 0.75-12-8-500,0.75,12,8,500,0.831,0.83,0.713,1,0.719,0.281,0,0,2,498,500
0.75-12-9-1 to 0.75-12-9-500,0.75,12,9,500,0.832,0.83,0.714,1,0.72,0.28,0,0,1,499,500
0.75-12-10-1 to 0.75-12-10-500,0.75,12,10,500,0.83,0.829,0.711,1,0.717,0.283,0,0,1,499,500
0.75-13-1-1 to 0.75-13-1-500,0.75,13,1,500,0.828,0.838,0.724,1,0.697,0.303,0,0,2,498,500
0.75-13-2-1 to 0.75-13-2-500,0.75,13,2,500,0.831,0.84,0.728,1,0.702,0.298,0,0,1,499,500
0.75-13-3-1 to 0.75-13-3-500,0.75,13,3,500,0.833,0.842,0.731,1,0.705,0.295,0,0,2,498,500
0.75-13-4-1 to 0.75-13-4-500,0.75,13,4,500,0.838,0.846,0.736,1,0.714,0.286,0,0,5,495,500
0.75-13-5-1 to 0.75-13-5-500,0.75,13,5,500,0.828,0.838,0.725,1,0.697,0.303,0,0,1,499,500
0.75-13-6-1 to 0.75-13-6-500,0.75,13,6,500,0.832,0.841,0.729,1,0.703,0.297,0,0,1,499,500
0.75-13-7-1 to 0.75-13-7-500,0.75,13,7,500,0.827,0.837,0.724,1,0.695,0.305,0,0,3,497,500
0.75-13-8-1 to 0.75-13-8-500,0.75,13,8,500,0.83,0.839,0.727,1,0.7,0.3,0,0,1,499,500
0.75-13-9-1 to 0.75-13-9-500,0.75,13,9,500,0.83,0.839,0.727,1,0.699,0.301,0,0,1,499,500
0.75-13-10-1 to 0.75-13-10-500,0.75,13,10,500,0.829,0.838,0.725,1,0.698,0.302,0,0,1,499,500
0.75-14-1-1 to 0.75-14-1-500,0.75,14,1,500,0.833,0.851,0.744,1,0.687,0.313,0,0,2,498,500
0.75-14-2-1 to 0.75-14-2-500,0.75,14,2,500,0.84,0.856,0.752,1,0.699,0.301,0,0,3,497,500
0.75-14-3-1 to 0.75-14-3-500,0.75,14,3,500,0.832,0.85,0.743,1,0.685,0.315,0,0,2,498,500
0.75-14-4-1 to 0.75-14-4-500,0.75,14,4,500,0.841,0.857,0.754,1,0.702,0.298,0,0,2,498,500
0.75-14-5-1 to 0.75-14-5-500,0.75,14,5,500,0.835,0.853,0.746,1,0.69,0.31,0,0,2,498,500
0.75-14-5-1 to 0.75-14-5-500,0.75,14,5,500,0.833,0.851,0.744,1,0.686,0.314,0,0,3,497,500
0.75-14-7-1 to 0.75-14-7-500,0.75,14,7,500,0.838,0.855,0.75,1,0.696,0.304,0,0,2,498,500
0.75-14-8-1 to 0.75-14-8-500,0.75,14,8,500,0.832,0.85,0.743,1,0.686,0.314,0,0,0,500,500
0.75-14-9-1 to 0.75-14-9-500,0.75,14,9,500,0.834,0.852,0.746,1,0.689,0.311,0,0,2,498,500
0.75-14-10-1 to 0.75-14-10-500,0.75,14,10,500,0.835,0.852,0.746,1,0.69,0.31,0,0,1,499,500
0.75-15-1-1 to 0.75-15-1-500,0.75,15,1,500,0.836,0.861,0.759,1,0.671,0.329,0,0,3,497,500
0.75-15-2-1 to 0.75-15-2-500,0.75,15,2,500,0.837,0.862,0.76,1,0.674,0.326,0,0,0,500,500
0.75-15-3-1 to 0.75-15-3-500,0.75,15,3,500,0.839,0.864,0.763,1,0.678,0.322,0,0,0,500,500
0.75-15-4-1 to 0.75-15-4-500,0.75,15,4,500,0.835,0.861,0.759,1,0.671,0.329,0,0,1,499,500
0.75-15-5-1 to 0.75-15-5-500,0.75,15,5,500,0.839,0.863,0.763,1,0.677,0.323,0,0,2,498,500
0.75-15-6-1 to 0.75-15-6-500,0.75,15,6,500,0.84,0.864,0.764,1,0.679,0.321,0,0,0,500,500
0.75-15-7-1 to 0.75-15-7-500,0.75,15,7,500,0.843,0.866,0.767,1,0.685,0.315,0,0,2,498,500
0.75-15-8-1 to 0.75-15-8-500,0.75,15,8,500,0.84,0.864,0.764,1,0.679,0.321,0,0,2,498,500
0.75-15-9-1 to 0.75-15-9-500,0.75,15,9,500,0.835,0.861,0.758,1,0.67,0.33,0,0,2,498,500
0.75-15-10-1 to 0.75-15-10-500,0.75,15,10,500,0.842,0.866,0.766,1,0.683,0.317,0,0,3,497,500
